Comment,Designator,Footprint,LCSC
"22u","C1,C8","Capacitor_SMD:C_0805_2012Metric","C45783"
"330n","C16","Capacitor_SMD:C_0603_1608Metric","C1615"
"100n","C2,C4,C12,C13,C14,C15,C17,C18","Capacitor_SMD:C_0603_1608Metric","C14663"
"2u2","C3,C10","Capacitor_SMD:C_0603_1608Metric","C23630"
"47u","C5,C6,C7","Capacitor_SMD:C_1206_3216Metric","C15008"
"1u","C9,C11,C19","Capacitor_SMD:C_0603_1608Metric","C15849"
"DY-IRMHF384-T05-2.5KB","CGQ1","easyEDA:OPTO-SMD_4P-L3.9-W3.4_IRM-H432M3-R8","C7280961"
"PJ-307N5","CN2","easyEDA:AUDIO-TH_PJ-307N5","C692542"
"B5819W SL","D1,D5,D6,D7","Diode_SMD:D_SOD-123","C8598"
"LED","D2,D3,D4","easyEDA:LED-SMD_XYC-IRA4335A65-X4","C2920776"
"to DIN-6 Male","J2","easyEDA:CONN-TH_S7B-XH-A-LF-SN","C157916"
"Pause Button","J3","easyEDA:CONN-TH_2P-P2.54_MX128-2.54-GN01-02P-CU-Y-A","C918120"
"LED-Connector","J5","easyEDA:HDR-TH_6P-P2.00-V-F-R2-C3-S2.00-2","C7499367"
"AO3400A","Q1","Package_TO_SOT_SMD:SOT-23","C20917"
"SS8050","Q2,Q3,Q4","Package_TO_SOT_SMD:SOT-23","C2146"
"47","R1,R22","Resistor_SMD:R_0603_1608Metric","C23182"
"3k3","R10,R13","Resistor_SMD:R_0603_1608Metric","C22978"
"47k","R11","Resistor_SMD:R_0603_1608Metric","C25819"
"470k","R12","Resistor_SMD:R_0603_1608Metric","C23178"
"220k","R15,R16,R23","Resistor_SMD:R_0603_1608Metric","C22961"
"5R1","R2","Resistor_SMD:R_0805_2012Metric","C17724"
"2k2","R24,R25","Resistor_SMD:R_0603_1608Metric","C4190"
"10","R3","Resistor_SMD:R_0603_1608Metric","C22859"
"22k","R4","Resistor_SMD:R_0603_1608Metric","C31850"
"100","R5","Resistor_SMD:R_0603_1608Metric","C22775"
"10k","R6,R9,R14,R17,R18,R26","Resistor_SMD:R_0603_1608Metric","C25804"
"470","R7","Resistor_SMD:R_0603_1608Metric","C23179"
"100k","R8,R19,R20,R21,R27","Resistor_SMD:R_0603_1608Metric","C25803"
"10k","RV1","easyEDA:RES-SMD_RK10J11R0A0H_fixed","C470766"
"Guide/Follow","SW1","easyEDA:SW-TH_SS-12D11G4R","C843370"
"Mode -","SW2","easyEDA:KEY-SMD_4P-L6.0-W6.0-P4.50-LS8.6","C455116"
"Mode +","SW3","easyEDA:KEY-SMD_4P-L6.0-W6.0-P4.50-LS8.6","C455116"
"Frame -","SW4","easyEDA:KEY-SMD_4P-L6.0-W6.0-P4.50-LS8.6","C455116"
Frame +,SW5,easyEDA:KEY-SMD_4P-L6.0-W6.0-P4.50-LS8.6,C455116
"ECS-TXO-3225MV-160-TR","U1","Crystal:Crystal_SMD_3225-4Pin_3.2x2.5mm","C2442664"
"AP2210N-3.3TRG1","U2","Package_TO_SOT_SMD:SOT-23-3","C155508"
"74HCT14","U3","Package_SO:TSSOP-14_4.4x5mm_P0.65mm","C5968"
"G3VM-61VY3(TR)","U4","easyEDA:SOP-4_L3.9-W4.4-P2.54-LS7.0-BR","C2152318"
"MCP4725","U5","Package_TO_SOT_SMD:SOT-23-6","C144198"
"LMC6482","U6","Package_SO:SOIC-8_3.9x4.9mm_P1.27mm","C12620"
"ATmega328P-A","U7","Package_QFP:TQFP-32_7x7mm_P0.8mm","C14877"